{"cameraMode":{"drawMode":0,"name":"Shaded","section":"Shading Mode"},"sceneLighting":true,"audioPlay":false,"sceneViewState":{"m_AlwaysRefresh":false,"showFog":true,"showSkybox":true,"showFlares":true,"showImageEffects":true,"showParticleSystems":true,"showVisualEffectGraphs":true,"m_FxEnabled":true},"in2DMode":false,"pivot":{"x":-1.3948677778244019,"y":0.6783943176269531,"z":0.947052001953125},"rotation":{"x":-0.4756139814853668,"y":0.0571870282292366,"z":-0.031004732474684717,"w":-0.8772456645965576},"size":19.330162048339845,"orthographic":false}